Jira Key,Story ID,Epic,Priority,User Story Description,Story Points,Sprint Allocation,Acceptance Criteria,Security Acceptance Criteria
DWPG-10,STORY-01,EPIC-01: Authentication,High,"As a user, I want to register and authenticate securely so that I can access my digital wallet.",5,Sprint 1,"POST /api/auth/register, POST /api/auth/login","BCrypt factor 12, HMAC-SHA256 JWT, generic error messages"
DWPG-11,STORY-02,EPIC-02: Wallet Management,High,"As a user, I want a digital wallet provisioned and the ability to add simulated funds so that I have a balance to make purchases.",5,Sprint 1,"Auto wallet creation with bash.00, POST /api/wallets/fund","BOLA check (owner only), balance ceiling, positive decimals"
DWPG-12,STORY-03,EPIC-03: Merchant Management,Medium,"As a merchant, I want to register my merchant business so that I can receive customer payments.",3,Sprint 1,"POST /api/merchants registers business, creates merchant ID & wallet","Requires ROLE_USER or ROLE_MERCHANT, XSS sanitization"
DWPG-13,STORY-04,EPIC-04: Payment Processing,Highest,"As a user, I want to initiate and confirm payments to merchants so that I can purchase simulated goods.",8,Sprint 1,"POST /api/payments creates payment, debits sender, credits merchant","Non-negative balance enforcement, atomic state FSM"
DWPG-14,STORY-05,EPIC-06: Security & Audit,High,"As an administrator, I want basic transactional audit logging so that all debits and credits are recorded.",5,Sprint 1,Audit log records created on logins and payments,"Append-only audit table, sensitive token scrubbing"
DWPG-15,DEF-001,EPIC-06: Security & Audit,Highest,BUG: Duplicate payment accepted when idempotency key was not enforced; race condition allows double spending.,5,Sprint 1 -> 2,Carried over from Sprint 1 to Sprint 2 for comprehensive fix,Pessimistic row locking (SELECT ... FOR UPDATE) & Idempotency key
DWPG-16,STORY-06,EPIC-06: Security & Audit,Highest,"As a user, I want pessimistic row locking on wallet balances so that concurrent payments cannot cause double-spending or negative balances.",5,Sprint 2,Pessimistic write locking on DB rows during payment,Zero double spending under concurrency stress test; DB check constraint
DWPG-17,STORY-07,EPIC-06: Security & Audit,Highest,"As a payment gateway, I want mandatory Idempotency-Key enforcement with SHA-256 payload binding so that replayed payments return cached response.",5,Sprint 2,Mandatory Idempotency-Key header; identical payload returns cached response,Tampered payload with reused key triggers REPLAY_DETECTED alert (409 Conflict)
DWPG-18,STORY-08,EPIC-05: Refunds & Transactions,High,"As a merchant, I want to issue refunds on confirmed transactions so that dissatisfied customers receive their funds back.",5,Sprint 2,POST /api/payments/{id}/refund reverses funds atomically,Only merchant owner can refund; status must be CONFIRMED; duplicate refund blocked
DWPG-19,STORY-09,EPIC-05: Refunds & Transactions,Medium,"As a user and merchant, I want to view my immutable transaction history ledger so that I have a complete financial audit record.",3,Sprint 2,GET /api/transactions returns paginated ledger entries,BOLA protection ensures users cannot view foreign transaction ledgers
DWPG-20,STORY-10,EPIC-06: Security & Audit,High,"As an administrator, I want to inspect security audit logs and receive alerts on replay and double-spending attempts so that fraudulent behavior is investigated.",5,Sprint 2,GET /api/admin/audit-logs and GET /api/admin/alerts return security events,Strict ROLE_ADMIN verification; unprivileged users receive 403 Forbidden
DWPG-21,STORY-11,EPIC-07: DevSecOps,Medium,"As a DevSecOps engineer, I want containerized Docker images and Kubernetes manifests with non-root security contexts so that the gateway runs securely in production.",3,Sprint 2,"Multi-stage Docker build, non-root user (UID 10001), K8s manifests","Resource quotas, dropped capabilities, no baked-in secrets"
DWPG-22,STORY-12,EPIC-08: Testing & Quality,High,"As a QA engineer, I want automated unit, integration, concurrency, rollback, and fuzzing test suites in CI so that regressions are automatically blocked.",3,Sprint 2,Automated test suite passing in CI; 100% pass on security test suite,Zero vulnerabilities in SonarQube SAST scan
